anomes,municipios,familias,pessoas,valor_pago_reais,valor_medio_familia
202201,5571,17566127,50975299,3705233574.0,210.93
202202,5571,18017489,50545110,3805316470.0,211.2
202203,5571,18021825,50537182,3908622871.0,216.88
202204,5571,18063021,50455698,3904369685.0,216.15
202205,5571,18119192,50313248,3829940066.0,211.37
202206,5571,18154897,50137598,3784010337.0,208.43
202207,5571,18134548,53585835,7318354846.0,403.56
202208,5571,20200862,53876257,12144301939.0,601.18
202209,5571,20653849,54764061,12474265191.0,603.97
202210,5571,21130969,55361591,12815647136.0,606.49
202211,5571,21534293,55263465,13026126965.0,604.9
202212,5571,21601182,55808906,13017033874.0,602.61
