"x","yhat","lower","upper","modelo"
1.09118964631957,29.6267877549966,27.3168550677639,31.9367204422294,"2026 BF: só UF"
1.50610598571854,28.9581773091323,26.7049315085744,31.2114231096902,"2026 BF: só UF"
1.92102232511751,28.289566863268,26.0922641039179,30.4868696226181,"2026 BF: só UF"
2.33593866451648,27.6209564174037,25.4787945759238,29.7631182588836,"2026 BF: só UF"
2.75085500391545,26.9523459715394,24.8644593715853,29.0402325714934,"2026 BF: só UF"
3.16577134331442,26.2837355256751,24.249189209227,28.3182818421232,"2026 BF: só UF"
3.58068768271339,25.6151250798108,23.6329086098945,27.597341549727,"2026 BF: só UF"
3.99560402211236,24.9465146339464,23.0155354228279,26.8774938450649,"2026 BF: só UF"
4.41052036151133,24.2779041880821,22.396980358081,26.1588280180833,"2026 BF: só UF"
4.8254367009103,23.6092937422178,21.7771465442312,25.4414409402045,"2026 BF: só UF"
5.24035304030927,22.9406832963535,21.1559291350628,24.7254374576442,"2026 BF: só UF"
5.65526937970824,22.2720728504892,20.5332149961123,24.0109307048661,"2026 BF: só UF"
6.07018571910721,21.6034653465671,19.9088850475495,23.2980456455847,"2026 BF: só UF"
6.48510205850618,20.9350153784871,19.2829433661557,22.5870873908185,"2026 BF: só UF"
6.90001839790515,20.2670993199186,18.6555829439708,21.8786156958663,"2026 BF: só UF"
7.31493473730412,19.6001111503589,18.0270140165842,21.1732082841336,"2026 BF: só UF"
7.72985107670309,18.9344448493054,17.3974515716412,20.4714381269696,"2026 BF: só UF"
8.14476741610206,18.2704943962555,16.7671184204849,19.773870372026,"2026 BF: só UF"
8.55968375550103,17.6086537707064,16.136248691833,19.0810588495799,"2026 BF: só UF"
8.9746000949,16.9493169521557,15.5050916596279,18.3935422446834,"2026 BF: só UF"
9.38951643429898,16.2928779201005,14.873915763397,17.7118400768041,"2026 BF: só UF"
9.80443277369794,15.6397306540384,14.2430126255611,17.0364486825157,"2026 BF: só UF"
10.2193491130969,14.9902691334666,13.6127008246775,16.3678374422557,"2026 BF: só UF"
10.6342654524959,14.3448873378825,12.9833291564329,15.7064455193321,"2026 BF: só UF"
11.0491817918949,13.7039792467834,12.3552791144341,15.0526793791328,"2026 BF: só UF"
11.4640981312938,13.0679388396668,11.728966356248,14.4069113230855,"2026 BF: só UF"
11.8790144706928,12.4371600960299,11.1048409868301,13.7694792052298,"2026 BF: só UF"
12.2939308100918,11.8120369953702,10.4833865846787,13.1406874060616,"2026 BF: só UF"
12.7088471494907,11.1929635171849,9.86511800282912,12.5208090315407,"2026 BF: só UF"
13.1237634888897,10.5803336409715,9.25057808068685,11.9100892012561,"2026 BF: só UF"
13.5386798282887,9.97454134622727,8.64033348762925,11.3087492048253,"2026 BF: só UF"
13.9535961676876,9.37598061244961,8.0349699733602,10.716991251539,"2026 BF: só UF"
14.3685125070866,8.78504541913587,7.43508731801016,10.1350035202616,"2026 BF: só UF"
14.7834288464856,8.2021297457834,6.84129425884918,9.56296523271761,"2026 BF: só UF"
15.1983451858846,7.62762757188956,6.25420362781618,9.00105151596294,"2026 BF: só UF"
15.6132615252835,7.0619328769517,5.67442787544458,8.44943787845882,"2026 BF: só UF"
16.0281778646825,6.5054396404672,5.10257509300048,7.90830418793392,"2026 BF: só UF"
16.4430942040815,5.9585418419334,4.53924558465891,7.37783809920789,"2026 BF: só UF"
16.8580105434804,5.42163346084764,3.98502899126969,6.8582379304256,"2026 BF: só UF"
17.2729268828794,4.89510847670732,3.44050192954624,6.3497150238684,"2026 BF: só UF"
17.6878432222784,4.37936086900976,2.90622608564987,5.85249565236965,"2026 BF: só UF"
18.1027595616774,3.87478461725233,2.38274668873159,5.36682254577307,"2026 BF: só UF"
18.5176759010763,3.3817737009324,1.8705912857611,4.8929561161037,"2026 BF: só UF"
18.9325922404753,2.90072101147334,1.37026759840956,4.43117442453712,"2026 BF: só UF"
19.3475085798743,2.43180278637627,0.882036211733728,3.9815693610188,"2026 BF: só UF"
19.7624249192732,1.97471858872976,0.405637261308259,3.54379991615126,"2026 BF: só UF"
20.1773412586722,1.5291045115891,-0.0592734534183521,3.11748247659655,"2026 BF: só UF"
20.5922575980712,1.0945966480096,-0.513054996486614,2.70224829250581,"2026 BF: só UF"
21.0071739374701,0.670831091046495,-0.956078727908902,2.29774091000189,"2026 BF: só UF"
21.4220902768691,0.257443933755098,-1.38872598241208,1.90361384992227,"2026 BF: só UF"
21.8370066162681,-0.145928730809302,-1.81138597260587,1.51952851098727,"2026 BF: só UF"
22.2519229556671,-0.53965080959145,-2.22445389549084,1.14515227630794,"2026 BF: só UF"
22.666839295066,-0.924086209536057,-2.62832922313291,0.780156804060797,"2026 BF: só UF"
23.081755634465,-1.29959883758784,-3.02341416081114,0.424216485635468,"2026 BF: só UF"
23.496671973864,-1.66655260069152,-3.41011225858643,0.0770070572033954,"2026 BF: só UF"
23.9115883132629,-2.02531140579183,-3.78882716477397,-0.261795646809685,"2026 BF: só UF"
24.3265046526619,-2.37623915983345,-4.15996151206305,-0.592516807603841,"2026 BF: só UF"
24.7414209920609,-2.71969976976112,-4.52391592891638,-0.915483610605866,"2026 BF: só UF"
25.1563373314598,-3.05605714251956,-4.88108817035017,-1.23102611468896,"2026 BF: só UF"
25.5712536708588,-3.38567518505351,-5.23187236324018,-1.53947800686685,"2026 BF: só UF"
25.9861700102578,-3.70891780430767,-5.57665836193398,-1.84117724668137,"2026 BF: só UF"
26.4010863496568,-4.02614890722674,-5.91583121022083,-2.13646660423265,"2026 BF: só UF"
26.8160026890557,-4.33773240075547,-6.2497707056714,-2.42569409583954,"2026 BF: só UF"
27.2309190284547,-4.64403219183856,-6.57885106207707,-2.70921332160005,"2026 BF: só UF"
27.6458353678537,-4.94541218742074,-6.90344066526634,-2.98738370957514,"2026 BF: só UF"
28.0607517072526,-5.24223629444673,-7.2239019170213,-3.26057067187215,"2026 BF: só UF"
28.4756680466516,-5.53486841986124,-7.54059116123366,-3.52914567848882,"2026 BF: só UF"
28.8905843860506,-5.82367247060898,-7.85385868588457,-3.7934862553334,"2026 BF: só UF"
29.3055007254495,-6.10901235363471,-8.16404879395874,-4.05397591331068,"2026 BF: só UF"
29.7204170648485,-6.39125197588311,-8.47149993604905,-4.31100401571717,"2026 BF: só UF"
30.1353334042475,-6.6707552442989,-8.77654489720079,-4.56496559139702,"2026 BF: só UF"
30.5502497436465,-6.94788606582682,-9.07951103049658,-4.81626110115706,"2026 BF: só UF"
30.9651660830454,-7.22300834741158,-9.38072052999824,-5.06529616482492,"2026 BF: só UF"
31.3800824224444,-7.49648599599789,-9.68049073593079,-5.31248125606499,"2026 BF: só UF"
31.7949987618434,-7.76868291853049,-9.97913446540102,-5.55823137165995,"2026 BF: só UF"
32.2099151012423,-8.03996302195407,-10.2769603624673,-5.80296568144085,"2026 BF: só UF"
32.6248314406413,-8.31069021321338,-10.5742732619934,-6.04710716443338,"2026 BF: só UF"
33.0397477800403,-8.58122839925311,-10.8713745624012,-6.29108223610501,"2026 BF: só UF"
33.4546641194393,-8.851941487018,-11.1685626031603,-6.53532037087574,"2026 BF: só UF"
33.8695804588382,-9.12319338345276,-11.4661330435918,-6.78025372331376,"2026 BF: só UF"
34.2844967982372,-9.39534799550211,-11.7643792403043,-7.02631675069989,"2026 BF: só UF"
34.6994131376362,-9.66876923011077,-12.0635926212968,-7.27394583892475,"2026 BF: só UF"
35.1143294770351,-9.94382099422346,-12.3640630554536,-7.5235789329933,"2026 BF: só UF"
35.5292458164341,-10.2208671947849,-12.6660792168086,-7.77565517276121,"2026 BF: só UF"
35.9441621558331,-10.5002717387398,-12.9699289435599,-8.03061453391975,"2026 BF: só UF"
36.359078495232,-10.7823985330329,-13.2758995923838,-8.28889747368197,"2026 BF: só UF"
36.773994834631,-11.0676114846089,-13.5842783891168,-8.55094458010099,"2026 BF: só UF"
37.18891117403,-11.3562745004125,-13.8953527773595,-8.81719622346551,"2026 BF: só UF"
37.603827513429,-11.6487514873885,-14.2094107670125,-9.08809220776456,"2026 BF: só UF"
38.0187438528279,-11.9454063524815,-14.5267412851824,-9.36407141978063,"2026 BF: só UF"
38.4336601922269,-12.2466030026363,-14.8476345323185,-9.64557147295418,"2026 BF: só UF"
38.8485765316259,-12.5527053447976,-15.1723823468477,-9.93302834274758,"2026 BF: só UF"
39.2634928710248,-12.8640772859102,-15.5012785820022,-10.2268759898182,"2026 BF: só UF"
39.6784092104238,-13.1810827329187,-15.8346194989642,-10.5275459668731,"2026 BF: só UF"
40.0933255498228,-13.5040855927678,-16.1727041809211,-10.8354670046145,"2026 BF: só UF"
40.5082418892217,-13.8334476930678,-16.5158332219031,-11.1510621642324,"2026 BF: só UF"
40.9231582286207,-14.1693634550861,-16.8641700391609,-11.4745568710114,"2026 BF: só UF"
41.3380745680197,-14.5117397774076,-17.217640510503,-11.8058390443123,"2026 BF: só UF"
41.7529909074187,-14.8604552302046,-17.5761513608113,-12.1447590995979,"2026 BF: só UF"
42.1679072468176,-15.2153883836495,-17.9396136700389,-12.4911630972601,"2026 BF: só UF"
42.5828235862166,-15.5764178079147,-18.30794254836,-12.8448930674694,"2026 BF: só UF"
42.9977399256156,-15.9434220731726,-18.6810568491428,-13.2057872972024,"2026 BF: só UF"
43.4126562650145,-16.3162797495957,-19.0588789143694,-13.5736805848219,"2026 BF: só UF"
43.8275726044135,-16.6948694073562,-19.4413343476908,-13.9484044670216,"2026 BF: só UF"
44.2424889438125,-17.0790696166267,-19.8283518107853,-14.329787422468,"2026 BF: só UF"
44.6574052832114,-17.4687589475795,-20.2198628390914,-14.7176550560676,"2026 BF: só UF"
45.0723216226104,-17.863815970387,-20.615801673325,-15.1118302674489,"2026 BF: só UF"
45.4872379620094,-18.2641192552216,-21.0161051034778,-15.5121334069653,"2026 BF: só UF"
45.9021543014084,-18.6695473722557,-21.4207123222244,-15.918382422287,"2026 BF: só UF"
46.3170706408073,-19.0799788916618,-21.8295647848639,-16.3303929984597,"2026 BF: só UF"
46.7319869802063,-19.4952923836122,-22.2426060730848,-16.7479786941395,"2026 BF: só UF"
47.1469033196053,-19.9153664182792,-22.6597817599801,-17.1709510765784,"2026 BF: só UF"
47.5618196590042,-20.3400795658355,-23.0810392738586,-17.5991198578123,"2026 BF: só UF"
47.9767359984032,-20.7693103964532,-23.5063277585139,-18.0322930343924,"2026 BF: só UF"
48.3916523378022,-21.2029374803049,-23.935597927717,-18.4702770328928,"2026 BF: só UF"
48.8065686772011,-21.6408393875628,-24.3688019118134,-18.9128768633123,"2026 BF: só UF"
49.2214850166001,-22.0828946883996,-24.8058930944342,-19.3598962823649,"2026 BF: só UF"
49.6364013559991,-22.5289819529874,-25.2468259374721,-19.8111379685027,"2026 BF: só UF"
50.0513176953981,-22.9789797514988,-25.6915557926524,-20.2664037103451,"2026 BF: só UF"
50.466234034797,-23.4327666541061,-26.140038698234,-20.7254946099782,"2026 BF: só UF"
50.881150374196,-23.8902212309817,-26.592231159625,-21.1882113023384,"2026 BF: só UF"
51.296066713595,-24.351222052298,-27.0480899129944,-21.6543541916017,"2026 BF: só UF"
51.7109830529939,-24.8156476882275,-27.5075716713033,-22.1237237051517,"2026 BF: só UF"
52.1258993923929,-25.2833767089425,-27.9706328525786,-22.5961205653064,"2026 BF: só UF"
52.5408157317919,-25.7542876846154,-28.4372292906965,-23.0713460785344,"2026 BF: só UF"
52.9557320711909,-26.2282591854187,-28.9073159294426,-23.5492024413948,"2026 BF: só UF"
53.3706484105898,-26.7051697815246,-29.3808465011469,-24.0294930619024,"2026 BF: só UF"
53.7855647499888,-27.1848980431058,-29.8577731917633,-24.5120228944482,"2026 BF: só UF"
54.2004810893878,-27.6673225403344,-30.3380462948432,-24.9965987858256,"2026 BF: só UF"
54.6153974287867,-28.152321843383,-30.8216138574384,-25.4830298293276,"2026 BF: só UF"
55.0303137681857,-28.6397745224239,-31.3084213215265,-25.9711277233214,"2026 BF: só UF"
55.4452301075847,-29.1295591476296,-31.7984111650698,-26.4607071301894,"2026 BF: só UF"
55.8601464469836,-29.6215542891724,-32.2915225472623,-26.9515860310824,"2026 BF: só UF"
56.2750627863826,-30.1156385172247,-32.7876909628707,-27.4435860715786,"2026 BF: só UF"
56.6899791257816,-30.6116904019589,-33.2868479108064,-27.9365328931114,"2026 BF: só UF"
57.1048954651806,-31.1095885135475,-33.7889205821584,-28.4302564449366,"2026 BF: só UF"
57.5198118045795,-31.6092114221628,-34.2938315728541,-28.9245912714716,"2026 BF: só UF"
57.9347281439785,-32.1104376979773,-34.8014986258875,-29.4193767700671,"2026 BF: só UF"
58.3496444833775,-32.6131459111633,-35.3118344076629,-29.9144574146637,"2026 BF: só UF"
58.7645608227764,-33.1172146318932,-35.8247463224487,-30.4096829413377,"2026 BF: só UF"
59.1794771621754,-33.6225224303395,-36.340136368239,-30.90490849244,"2026 BF: só UF"
59.5943935015744,-34.1289478766745,-36.8579010365052,-31.3999947168439,"2026 BF: só UF"
60.0093098409734,-34.6363695410707,-37.377931257408,-31.8948078247334,"2026 BF: só UF"
60.4242261803723,-35.1446659937004,-37.9001123910825,-32.3892195963183,"2026 BF: só UF"
60.8391425197713,-35.653715804736,-38.4243242646216,-32.8831073448505,"2026 BF: só UF"
61.2540588591703,-36.16339754435,-38.9504412534322,-33.3763538352678,"2026 BF: só UF"
61.6689751985692,-36.6735897827147,-39.4783324047392,-33.8688471606903,"2026 BF: só UF"
62.0838915379682,-37.1841710900026,-40.0078616002073,-34.3604805797978,"2026 BF: só UF"
62.4988078773672,-37.695020036386,-40.538887753972,-34.8511523188,"2026 BF: só UF"
62.9137242167661,-38.2060151920374,-41.071265041827,-35.3407653422478,"2026 BF: só UF"
63.3286405561651,-38.7170453320299,-41.6048538187577,-35.8292368453021,"2026 BF: só UF"
63.7435568955641,-39.2280756440002,-42.1395909070159,-36.3165603809846,"2026 BF: só UF"
64.1584732349631,-39.7391059559706,-42.675448319702,-36.8027635922392,"2026 BF: só UF"
64.573389574362,-40.250136267941,-43.2123978881948,-37.2878746476871,"2026 BF: só UF"
64.988305913761,-40.7611665799113,-43.7504112029105,-37.7719219569121,"2026 BF: só UF"
65.40322225316,-41.2721968918817,-44.2894597251372,-38.2549340586262,"2026 BF: só UF"
65.8181385925589,-41.783227203852,-44.8295148910664,-38.7369395166375,"2026 BF: só UF"
66.2330549319579,-42.2942575158224,-45.3705482077304,-39.2179668239144,"2026 BF: só UF"
66.6479712713569,-42.8052878277928,-45.9125313406961,-39.6980443148895,"2026 BF: só UF"
67.0628876107558,-43.3163181397631,-46.4554361935091,-40.1772000860171,"2026 BF: só UF"
67.4778039501548,-43.8273484517335,-46.9992349789825,-40.6554619244845,"2026 BF: só UF"
67.8927202895538,-44.3383787637038,-47.5439002825285,-41.1328572448791,"2026 BF: só UF"
68.3076366289527,-44.8494090756742,-48.0894051178119,-41.6094130335366,"2026 BF: só UF"
68.7225529683517,-45.3604393876446,-48.6357229750613,-42.0851558002279,"2026 BF: só UF"
69.1374693077507,-45.8714696996148,-49.1828278624311,-42.5601115367985,"2026 BF: só UF"
69.5523856471497,-46.3825000115852,-49.730694340834,-43.0343056823364,"2026 BF: só UF"
69.9673019865486,-46.8935303235556,-50.2792975526917,-43.5077630944194,"2026 BF: só UF"
70.3822183259476,-47.4045606355259,-50.8286132450642,-43.9805080259876,"2026 BF: só UF"
70.7971346653466,-47.9155909474963,-51.3786177876167,-44.4525641073758,"2026 BF: só UF"
71.2120510047455,-48.4266212594666,-51.9292881858839,-44.9239543330492,"2026 BF: só UF"
71.6269673441445,-48.9376515714371,-52.480602090278,-45.3947010525961,"2026 BF: só UF"
72.0418836835435,-49.4486818834075,-53.0325378012715,-45.8648259655435,"2026 BF: só UF"
72.4568000229424,-49.9597121953776,-53.5850742711676,-46.3343501195877,"2026 BF: só UF"
72.8717163623414,-50.4707425073481,-54.1381911028514,-46.8032939118448,"2026 BF: só UF"
73.2866327017404,-50.9817728193184,-54.6918685458807,-47.271677092756,"2026 BF: só UF"
73.7015490411394,-51.4928031312888,-55.2460874902694,-47.7395187723081,"2026 BF: só UF"
74.1164653805383,-52.0038334432592,-55.8008294582684,-48.20683742825,"2026 BF: só UF"
74.5313817199373,-52.5148637552295,-56.3560765944428,-48.6736509160161,"2026 BF: só UF"
74.9462980593363,-53.0258940671999,-56.911811654308,-49.1399764800919,"2026 BF: só UF"
75.3612143987352,-53.5369243791703,-57.468017991763,-49.6058307665776,"2026 BF: só UF"
75.7761307381342,-54.0479546911406,-58.024679545547,-50.0712298367342,"2026 BF: só UF"
76.1910470775332,-54.5589850031109,-58.5817808249063,-50.5361891813155,"2026 BF: só UF"
76.6059634169322,-55.0700153150812,-59.1393068946527,-51.0007237355097,"2026 BF: só UF"
77.0208797563311,-55.5810456270517,-59.6972433597659,-51.4648478943375,"2026 BF: só UF"
77.4357960957301,-56.0920759390221,-60.25557634968,-51.9285755283642,"2026 BF: só UF"
77.8507124351291,-56.6031062509924,-60.8142925023721,-52.3919199996127,"2026 BF: só UF"
78.265628774528,-57.1141365629629,-61.3733789483625,-52.8548941775633,"2026 BF: só UF"
78.680545113927,-57.6251668749331,-61.9328232947134,-53.3175104551527,"2026 BF: só UF"
79.095461453326,-58.1361971869034,-62.492613609111,-53.7797807646957,"2026 BF: só UF"
79.5103777927249,-58.6472274988739,-63.0527384040926,-54.2417165936552,"2026 BF: só UF"
79.9252941321239,-59.158257810844,-63.6131866214802,-54.7033290002079,"2026 BF: só UF"
80.3402104715229,-59.6692881228146,-64.1739476170701,-55.1646286285591,"2026 BF: só UF"
80.7551268109219,-60.1803184347849,-64.7350111456108,-55.625625723959,"2026 BF: só UF"
81.1700431503208,-60.691348746755,-65.2963673461126,-56.0863301473975,"2026 BF: só UF"
81.5849594897198,-61.2023790587257,-65.8580067275073,-56.546751389944,"2026 BF: só UF"
81.9998758291188,-61.7134093706959,-66.4199201546774,-57.0068985867144,"2026 BF: só UF"
82.4147921685177,-62.2244396826661,-66.9820988348814,-57.4667805304509,"2026 BF: só UF"
82.8297085079167,-62.7354699946368,-67.5445343045725,-57.926405684701,"2026 BF: só UF"
83.2446248473157,-63.2465003066068,-68.1072184166242,-58.3857821965895,"2026 BF: só UF"
83.6595411867146,-63.7575306185775,-68.6701433279737,-58.8449179091814,"2026 BF: só UF"
1.09118964631957,41.8387161040579,38.6731025485497,45.0043296595661,"2026 BF: + Censo"
1.50610598571854,40.8106663595904,37.7058851649484,43.9154475542323,"2026 BF: + Censo"
1.92102232511751,39.7826166151229,36.7374682178043,42.8277650124415,"2026 BF: + Censo"
2.33593866451648,38.7545668706554,35.7677798564731,41.7413538848377,"2026 BF: + Censo"
2.75085500391545,37.726517126188,34.7967440998616,40.6562901525143,"2026 BF: + Censo"
3.16577134331442,36.6984673817204,33.8242807637716,39.5726539996693,"2026 BF: + Censo"
3.58068768271339,35.670417637253,32.8503054311329,38.4905298433731,"2026 BF: + Censo"
3.99560402211236,34.6423678927855,31.8747294758811,37.4100063096899,"2026 BF: + Censo"
4.41052036151133,33.614318148318,30.8974601524617,36.3311761441744,"2026 BF: + Censo"
4.8254367009103,32.5862684038505,29.9184007639784,35.2541360437227,"2026 BF: + Censo"
5.24035304030927,31.558218659383,28.9374509227435,34.1789863960226,"2026 BF: + Censo"
5.65526937970824,30.5301689149156,27.9545069172439,33.1058309125872,"2026 BF: + Censo"
6.07018571910721,29.5021265932481,26.9694695762504,32.0347836102458,"2026 BF: + Censo"
6.48510205850618,28.4744817494924,25.9826191135023,30.9663443854824,"2026 BF: + Censo"
6.90001839790515,27.4481840102107,24.9947992438131,29.9015687766082,"2026 BF: + Censo"
7.31493473730412,26.4242274231435,24.0069108980851,28.841543948202,"2026 BF: + Censo"
7.72985107670309,25.4036060360315,23.0198700772666,27.7873419947964,"2026 BF: + Censo"
8.14476741610206,24.3873138966152,22.0346096263792,26.7400181668512,"2026 BF: + Censo"
8.55968375550103,23.3763450526351,21.0520808512612,25.700609254009,"2026 BF: + Censo"
8.9746000949,22.3716935518319,20.0732549086937,24.6701321949701,"2026 BF: + Censo"
9.38951643429898,21.3743534419461,19.0991239030899,23.6495829808022,"2026 BF: + Censo"
9.80443277369794,20.3853187707182,18.1307016303164,22.63993591112,"2026 BF: + Censo"
10.2193491130969,19.4055835858888,17.1690239214098,21.6421432503679,"2026 BF: + Censo"
10.6342654524959,18.4361419351986,16.2151485553012,20.657135315096,"2026 BF: + Censo"
11.0491817918949,17.477987866388,15.270154728948,19.6858210038281,"2026 BF: + Censo"
11.4640981312938,16.5321154271977,14.3351420938732,18.7290887605221,"2026 BF: + Censo"
11.8790144706928,15.5995186653681,13.4112293881898,17.7878079425464,"2026 BF: + Censo"
12.2939308100918,14.6811916286399,12.4995527108819,16.8628305463979,"2026 BF: + Censo"
12.7088471494907,13.7781283647536,11.6012634989627,15.9549932305445,"2026 BF: + Censo"
13.1237634888897,12.8913229214498,10.7175262770244,15.0651195658753,"2026 BF: + Censo"
13.5386798282887,12.0217693464691,9.84951625223574,14.1940224407024,"2026 BF: + Censo"
13.9535961676876,11.170461687552,8.99841682617009,13.3425065489339,"2026 BF: + Censo"
14.3685125070866,10.3383939924391,8.16541708862086,12.5113708962572,"2026 BF: + Censo"
14.7834288464856,9.5265603088709,7.35170934882943,11.7014112689124,"2026 BF: + Censo"
15.1983451858846,8.73595468458802,6.5584867474863,10.9134226216897,"2026 BF: + Censo"
15.6132615252835,7.96757116733107,5.78694097969626,10.1482013549659,"2026 BF: + Censo"
16.0281778646825,7.22240380484055,5.03826014585302,9.40654746382808,"2026 BF: + Censo"
16.4430942040815,6.50144664485708,4.31362673490083,8.68926655481334,"2026 BF: + Censo"
16.8580105434804,5.80569373512117,3.61421573332626,7.99717173691608,"2026 BF: + Censo"
17.2729268828794,5.1361391233734,2.94119284372463,7.33108540302216,"2026 BF: + Censo"
17.6878432222784,4.49377685735436,2.29571278902623,6.6918409256825,"2026 BF: + Censo"
18.1027595616774,3.8796009848046,1.67891767235186,6.08028429725733,"2026 BF: + Censo"
18.5176759010763,3.29460555346466,1.09193535783802,5.49727574909131,"2026 BF: + Censo"
18.9325922404753,2.73978203687477,0.535875059263007,4.94368901448654,"2026 BF: + Censo"
19.3475085798743,2.21560934175935,0.0112759882607825,4.41994269525791,"2026 BF: + Censo"
19.7624249192732,1.72143864319042,-0.482555903137937,3.92543318951879,"2026 BF: + Censo"
20.1773412586722,1.2564709567944,-0.946492353369143,3.45943426695795,"2026 BF: + Censo"
20.5922575980712,0.819907298197677,-1.38141913383417,3.02123373022952,"2026 BF: + Censo"
21.0071739374701,0.410948683026646,-1.78823438623047,2.61013175228376,"2026 BF: + Censo"
21.4220902768691,0.0287961269076789,-2.16784703752674,2.2254392913421,"2026 BF: + Censo"
21.8370066162681,-0.327349354532828,-2.52117526642601,1.86647655736036,"2026 BF: + Censo"
22.2519229556671,-0.658286745668477,-2.84914499759385,1.5325715062569,"2026 BF: + Censo"
22.666839295066,-0.964815030872899,-3.15268840294294,1.22305834119715,"2026 BF: + Censo"
23.081755634465,-1.24773319451967,-3.4327423928661,0.937276003826765,"2026 BF: + Censo"
23.496671973864,-1.50784022098242,-3.69024708447755,0.674566642512717,"2026 BF: + Censo"
23.9115883132629,-1.74593509463477,-3.92614423871566,0.434274049446107,"2026 BF: + Censo"
24.3265046526619,-1.96281679985032,-4.1413756634777,0.215742063777064,"2026 BF: + Censo"
24.7414209920609,-2.1592843210027,-4.33688158574024,0.0183129437348337,"2026 BF: + Censo"
25.1563373314598,-2.33613664246548,-4.51359900169525,-0.158674283235701,"2026 BF: + Censo"
25.5712536708588,-2.49417274861227,-4.6724600200434,-0.315885477181145,"2026 BF: + Censo"
25.9861700102578,-2.63419162381675,-4.8143902194278,-0.453993028205694,"2026 BF: + Censo"
26.4010863496568,-2.75699225245245,-4.94030704617865,-0.573677458726251,"2026 BF: + Censo"
26.8160026890557,-2.86337361889304,-5.05111828265761,-0.675628955128466,"2026 BF: + Censo"
27.2309190284547,-2.95413470751208,-5.14772061917024,-0.760548795853926,"2026 BF: + Censo"
27.6458353678537,-3.03007450268322,-5.23099836326685,-0.829150642099587,"2026 BF: + Censo"
28.0607517072526,-3.09199198878002,-5.30182231910632,-0.882161658453728,"2026 BF: + Censo"
28.4756680466516,-3.14068615017621,-5.36104886629875,-0.920323434053663,"2026 BF: + Censo"
28.8905843860506,-3.17695597124523,-5.409519262383,-0.944392680107471,"2026 BF: + Censo"
29.3055007254495,-3.20160043636082,-5.44805918615498,-0.955141686566659,"2026 BF: + Censo"
29.7204170648485,-3.21541852989654,-5.47747853086873,-0.953358528924347,"2026 BF: + Censo"
30.1353334042475,-3.21920923622602,-5.49857144749929,-0.939847024952747,"2026 BF: + Censo"
30.5502497436465,-3.21377153972287,-5.5121166294201,-0.915426450025645,"2026 BF: + Censo"
30.9651660830454,-3.19990442476069,-5.51887782166329,-0.880931027858084,"2026 BF: + Censo"
31.3800824224444,-3.17840687571305,-5.5196045309217,-0.837209220504405,"2026 BF: + Censo"
31.7949987618434,-3.15007787695365,-5.51503290708797,-0.785122846819324,"2026 BF: + Censo"
32.2099151012423,-3.11571641285602,-5.50588676360516,-0.725546062106872,"2026 BF: + Censo"
32.6248314406413,-3.0761214677938,-5.49287870234019,-0.659364233247402,"2026 BF: + Censo"
33.0397477800403,-3.03209202614062,-5.47671130893427,-0.587472743346968,"2026 BF: + Censo"
33.4546641194393,-2.98442707227008,-5.45807838646004,-0.510775758080122,"2026 BF: + Censo"
33.8695804588382,-2.93392559055576,-5.43766619831918,-0.430184982792337,"2026 BF: + Censo"
34.2844967982372,-2.88138656537132,-5.41615469535218,-0.346618435390449,"2026 BF: + Censo"
34.6994131376362,-2.82760898109035,-5.39421870666138,-0.260999255519316,"2026 BF: + Censo"
35.1143294770351,-2.77339182208641,-5.37252907837849,-0.174254565794326,"2026 BF: + Censo"
35.5292458164341,-2.71953407273321,-5.3517537492132,-0.0873143962532201,"2026 BF: + Censo"
35.9441621558331,-2.6668347174043,-5.33255875591656,-0.0011106788920392,"2026 BF: + Censo"
36.359078495232,-2.61609274047325,-5.31560916561111,0.0834236846646101,"2026 BF: + Censo"
36.773994834631,-2.56810712631375,-5.30156993520259,0.16535568257509,"2026 BF: + Censo"
37.18891117403,-2.52367685929937,-5.29110670077993,0.243752982181185,"2026 BF: + Censo"
37.603827513429,-2.48360092380378,-5.28488650203595,0.317684654428391,"2026 BF: + Censo"
38.0187438528279,-2.44867830420048,-5.28357844834832,0.386221839947351,"2026 BF: + Censo"
38.4336601922269,-2.41970798486318,-5.28785433432995,0.448438364603594,"2026 BF: + Censo"
38.8485765316259,-2.39748895016541,-5.29838921343704,0.503411313106223,"2026 BF: + Censo"
39.2634928710248,-2.38282018448083,-5.31586193872519,0.55022156976352,"2026 BF: + Censo"
39.6784092104238,-2.37650067218311,-5.3409556801021,0.587954335735877,"2026 BF: + Censo"
40.0933255498228,-2.37932939764573,-5.37435842755198,0.61569963226051,"2026 BF: + Censo"
40.5082418892217,-2.3921010958953,-5.41675960041198,0.632557408621385,"2026 BF: + Censo"
40.9231582286207,-2.41526838882243,-5.46854162411566,0.638004846470805,"2026 BF: + Censo"
41.3380745680197,-2.4486963143286,-5.52955740133179,0.632164772674594,"2026 BF: + Censo"
41.7529909074187,-2.49219201811218,-5.59961568094674,0.615231644722387,"2026 BF: + Censo"
42.1679072468176,-2.54556264587151,-5.67853321792531,0.587407926182284,"2026 BF: + Censo"
42.5828235862166,-2.60861534330516,-5.76613397854687,0.54890329193655,"2026 BF: + Censo"
42.9977399256156,-2.68115725611148,-5.8622484279761,0.499933915753145,"2026 BF: + Censo"
43.4126562650145,-2.76299552998881,-5.96671288964392,0.440721829666292,"2026 BF: + Censo"
43.8275726044135,-2.85393731063562,-6.07936896696578,0.371494345694549,"2026 BF: + Censo"
44.2424889438125,-2.95378974375035,-6.20006301889399,0.292483531393287,"2026 BF: + Censo"
44.6574052832114,-3.06235997503137,-6.32864568172659,0.203925731663845,"2026 BF: + Censo"
45.0723216226104,-3.17945515017712,-6.46497143043234,0.1060611300781,"2026 BF: + Censo"
45.4872379620094,-3.30488241488598,-6.60889817350531,-0.000866656266650168,"2026 BF: + Censo"
45.9021543014084,-3.43844891485634,-6.7602868760726,-0.116610953640072,"2026 BF: + Censo"
46.3170706408073,-3.57996179578666,-6.91900120659443,-0.240922384978883,"2026 BF: + Censo"
46.7319869802063,-3.72922820337538,-7.08490720308071,-0.373549203670056,"2026 BF: + Censo"
47.1469033196053,-3.88605528332084,-7.25787295526091,-0.514237611380781,"2026 BF: + Censo"
47.5618196590042,-4.0502501813215,-7.43776829963999,-0.662732063003017,"2026 BF: + Censo"
47.9767359984032,-4.22162004307566,-7.62446452480212,-0.818775561349196,"2026 BF: + Censo"
48.3916523378022,-4.39997201428193,-7.81783408475419,-0.982109943809669,"2026 BF: + Censo"
48.8065686772011,-4.58511324063852,-8.0177503184803,-1.15247616279674,"2026 BF: + Censo"
49.2214850166001,-4.77685086784396,-8.22408717425336,-1.32961456143456,"2026 BF: + Censo"
49.6364013559991,-4.97499204159669,-8.43671893759852,-1.51326514559486,"2026 BF: + Censo"
50.0513176953981,-5.17934390759501,-8.65551996213687,-1.70316785305316,"2026 BF: + Censo"
50.466234034797,-5.38971361153739,-8.88036440285998,-1.8990628202148,"2026 BF: + Censo"
50.881150374196,-5.60590829912226,-9.11112595168501,-2.10069064655951,"2026 BF: + Censo"
51.296066713595,-5.82773511604796,-9.34767757543429,-2.30779265666163,"2026 BF: + Censo"
51.7109830529939,-6.05500120801298,-9.5898912566501,-2.52011115937586,"2026 BF: + Censo"
52.1258993923929,-6.28751372071571,-9.83763773790651,-2.73738970352491,"2026 BF: + Censo"
52.5408157317919,-6.5250797998545,-10.0907862705087,-2.95937332920027,"2026 BF: + Censo"
52.9557320711909,-6.76750659112787,-10.3492043686731,-3.18580881358266,"2026 BF: + Censo"
53.3706484105898,-7.01460124023407,-10.6127575704484,-3.4164449100197,"2026 BF: + Censo"
53.7855647499888,-7.26617089287174,-10.8813092067857,-3.65103257895778,"2026 BF: + Censo"
54.2004810893878,-7.52202269473918,-11.1547201802563,-3.88932520922204,"2026 BF: + Censo"
54.6153974287867,-7.78196379153468,-11.4328487549909,-4.13107882807841,"2026 BF: + Censo"
55.0303137681857,-8.04580132895683,-11.7155503594271,-4.37605229848657,"2026 BF: + Censo"
55.4452301075847,-8.31334245270398,-12.0026774034383,-4.62400750196962,"2026 BF: + Censo"
55.8601464469836,-8.58439430847443,-12.2940791113516,-4.87470950559731,"2026 BF: + Censo"
56.2750627863826,-8.85876404196677,-12.5896013722597,-5.12792671167387,"2026 BF: + Censo"
56.6899791257816,-9.13625879887928,-12.8890866088916,-5.38343098886698,"2026 BF: + Censo"
57.1048954651806,-9.41668572491045,-13.1923736661283,-5.64099778369262,"2026 BF: + Censo"
57.5198118045795,-9.69985196575868,-13.4992977200413,-5.90040621147606,"2026 BF: + Censo"
57.9347281439785,-9.98556466712239,-13.8096902081032,-6.1614391261416,"2026 BF: + Censo"
58.3496444833775,-10.2736309746999,-14.1233787809631,-6.42388316843667,"2026 BF: + Censo"
58.7645608227764,-10.5638580341896,-14.4401872759249,-6.68752879245439,"2026 BF: + Censo"
59.1794771621754,-10.8560529912903,-14.7599357119951,-6.95217027058541,"2026 BF: + Censo"
59.5943935015744,-11.1500229916998,-15.0824403061076,-7.21760567729203,"2026 BF: + Censo"
60.0093098409734,-11.445575181117,-15.4075135098811,-7.48363685235284,"2026 BF: + Censo"
60.4242261803723,-11.74251670524,-15.7349640660286,-7.75006934445131,"2026 BF: + Censo"
60.8391425197713,-12.0406547097673,-16.0645970833287,-8.01671233620592,"2026 BF: + Censo"
61.2540588591703,-12.3397963403974,-16.3962141288808,-8.28337855191401,"2026 BF: + Censo"
61.6689751985692,-12.6397487428287,-16.7296133362159,-8.54988414944156,"2026 BF: + Censo"
62.0838915379682,-12.9403190627594,-17.0645895277097,-8.81604859780918,"2026 BF: + Censo"
62.4988078773672,-13.2413144458882,-17.4009343496633,-9.08169454211315,"2026 BF: + Censo"
62.9137242167661,-13.5425420379134,-17.7384364183589,-9.34664765746786,"2026 BF: + Censo"
63.3286405561651,-13.8438251919107,-18.076897703145,-9.61075268067643,"2026 BF: + Censo"
63.7435568955641,-14.1451086190423,-18.4162396639465,-9.87397757413803,"2026 BF: + Censo"
64.1584732349631,-14.4463920461739,-18.7564387059883,-10.1363453863594,"2026 BF: + Censo"
64.573389574362,-14.7476754733055,-19.0974718256033,-10.3978791210076,"2026 BF: + Censo"
64.988305913761,-15.048958900437,-19.4393163679794,-10.6586014328946,"2026 BF: + Censo"
65.40322225316,-15.3502423275689,-19.7819500535819,-10.9185346015559,"2026 BF: + Censo"
65.8181385925589,-15.6515257547001,-20.1253510010028,-11.1777005083975,"2026 BF: + Censo"
66.2330549319579,-15.952809181832,-20.4694977464511,-11.4361206172129,"2026 BF: + Censo"
66.6479712713569,-16.2540926089636,-20.8143692600805,-11.6938159578467,"2026 BF: + Censo"
67.0628876107558,-16.5553760360951,-21.1599449593861,-11.9508071128041,"2026 BF: + Censo"
67.4778039501548,-16.8566594632268,-21.5062047198739,-12.2071142065797,"2026 BF: + Censo"
67.8927202895538,-17.1579428903582,-21.8531288832168,-12.4627568974996,"2026 BF: + Censo"
68.3076366289527,-17.45922631749,-22.2006982631115,-12.7177543718686,"2026 BF: + Censo"
68.7225529683517,-17.7605097446217,-22.5488941490269,-12.9721253402165,"2026 BF: + Censo"
69.1374693077507,-18.0617931717529,-22.8976983080475,-13.2258880354583,"2026 BF: + Censo"
69.5523856471497,-18.3630765988847,-23.2470929849942,-13.4790602127753,"2026 BF: + Censo"
69.9673019865486,-18.6643600260163,-23.5970609009919,-13.7316591510407,"2026 BF: + Censo"
70.3822183259476,-18.9656434531478,-23.9475852506642,-13.9837016556315,"2026 BF: + Censo"
70.7971346653466,-19.2669268802795,-24.2986496980975,-14.2352040624616,"2026 BF: + Censo"
71.2120510047455,-19.568210307411,-24.6502383717288,-14.4861822430932,"2026 BF: + Censo"
71.6269673441445,-19.8694937345429,-25.002335858292,-14.7366516107939,"2026 BF: + Censo"
72.0418836835435,-20.1707771616747,-25.3549271959433,-14.9866271274061,"2026 BF: + Censo"
72.4568000229424,-20.4720605888058,-25.7079978666898,-15.2361233109218,"2026 BF: + Censo"
72.8717163623414,-20.7733440159375,-26.0615337882244,-15.4851542436507,"2026 BF: + Censo"
73.2866327017404,-21.0746274430689,-26.415521305257,-15.7337335808809,"2026 BF: + Censo"
73.7015490411394,-21.3759108702007,-26.7699471804466,-15.9818745599548,"2026 BF: + Censo"
74.1164653805383,-21.6771942973326,-27.1247985849987,-16.2295900096664,"2026 BF: + Censo"
74.5313817199373,-21.9784777244639,-27.4800630890112,-16.4768923599165,"2026 BF: + Censo"
74.9462980593363,-22.2797611515958,-27.8357286516321,-16.7237936515596,"2026 BF: + Censo"
75.3612143987352,-22.5810445787275,-28.1917836110808,-16.9703055463742,"2026 BF: + Censo"
75.7761307381342,-22.8823280058588,-28.5482166745973,-17.2164393371203,"2026 BF: + Censo"
76.1910470775332,-23.1836114329904,-28.9050169083575,-17.4622059576233,"2026 BF: + Censo"
76.6059634169322,-23.4848948601218,-29.2621737273946,-17.7076159928489,"2026 BF: + Censo"
77.0208797563311,-23.7861782872537,-29.619676885571,-17.9526796889364,"2026 BF: + Censo"
77.4357960957301,-24.0874617143856,-29.9775164656215,-18.1974069631497,"2026 BF: + Censo"
77.8507124351291,-24.3887451415169,-30.3356828693057,-18.4418074137281,"2026 BF: + Censo"
78.265628774528,-24.6900285686488,-30.6941668076881,-18.6858903296095,"2026 BF: + Censo"
78.680545113927,-24.9913119957801,-31.0529592915608,-18.9296646999993,"2026 BF: + Censo"
79.095461453326,-25.2925954229116,-31.41205162204,-19.1731392237832,"2026 BF: + Censo"
79.5103777927249,-25.5938788500436,-31.7714353813358,-19.4163223187513,"2026 BF: + Censo"
79.9252941321239,-25.8951622771747,-32.1311024237145,-19.6592221306348,"2026 BF: + Censo"
80.3402104715229,-26.1964457043069,-32.491044866668,-19.9018465419457,"2026 BF: + Censo"
80.7551268109219,-26.4977291314382,-32.8512550822802,-20.1442031805963,"2026 BF: + Censo"
81.1700431503208,-26.7990125585693,-33.211725688821,-20.3862994283176,"2026 BF: + Censo"
81.5849594897198,-27.1002959857015,-33.5724495425507,-20.6281424288523,"2026 BF: + Censo"
81.9998758291188,-27.4015794128328,-33.9334197297441,-20.8697390959215,"2026 BF: + Censo"
82.4147921685177,-27.7028628399643,-34.2946295589457,-21.1110961209829,"2026 BF: + Censo"
82.8297085079167,-28.0041462670965,-34.6560725534417,-21.3522199807512,"2026 BF: + Censo"
83.2446248473157,-28.3054296942273,-35.0177424439526,-21.593116944502,"2026 BF: + Censo"
83.6595411867146,-28.6067131213598,-35.3796331615592,-21.8337930811605,"2026 BF: + Censo"
1.40158255655296,21.2569767173765,19.1392620785552,23.3746913561979,"2022 AB: só UF"
1.86690598657561,20.5732239151014,18.5085125933437,22.637935236859,"2022 AB: só UF"
2.33222941659825,19.8894711128262,17.8770057888149,21.9019364368374,"2022 AB: só UF"
2.7975528466209,19.205718310551,17.2446811344784,21.1667554866235,"2022 AB: só UF"
3.26287627664354,18.5219655082758,16.6114725826236,20.4324584339279,"2022 AB: só UF"
3.72819970666619,17.8382127060006,15.9773081089208,19.6991173030803,"2022 AB: só UF"
4.19352313668883,17.1544599037254,15.3421092457853,18.9668105616654,"2022 AB: só UF"
4.65884656671148,16.4707071014502,14.7057906210817,18.2356235818186,"2022 AB: só UF"
5.12416999673412,15.786954299175,14.0682595195663,17.5056490787836,"2022 AB: só UF"
5.58949342675677,15.1032014968998,13.4294154903657,16.7769875034339,"2022 AB: só UF"
6.05481685677941,14.4194486946246,12.7891500307835,16.0497473584657,"2022 AB: só UF"
6.52014028680206,13.7356958923494,12.147346384712,15.3240453999868,"2022 AB: só UF"
6.9854637168247,13.051943090092,11.5038795025904,14.6000066775935,"2022 AB: só UF"
7.45078714684735,12.3682382807078,10.8586568969773,13.8778196644383,"2022 AB: só UF"
7.91611057686999,11.684817310087,10.2117406428785,13.1578939772955,"2022 AB: só UF"
8.38143400689264,11.0019619797929,9.563233831529,12.4406901280567,"2022 AB: só UF"
8.84675743691528,10.3199540913885,8.91324516111075,11.7266630216663,"2022 AB: só UF"
9.31208086693793,9.6390754464371,8.26189231226788,11.0162585806063,"2022 AB: só UF"
9.77740429696057,8.95960784650183,7.60930573993792,10.3099099530657,"2022 AB: só UF"
10.2427277269832,8.28183309314583,6.95563276011342,9.60803342617825,"2022 AB: só UF"
10.7080511570059,7.60603298793231,6.30104174996974,8.91102422589488,"2022 AB: só UF"
11.1733745870285,6.93248933242442,5.64572622424804,8.2192524406008,"2022 AB: só UF"
11.6386980170512,6.26148392818533,4.98990851066356,7.53305934570709,"2022 AB: só UF"
12.1040214470738,5.59329857677821,4.33384273350083,6.85275442005559,"2022 AB: só UF"
12.5693448770964,4.92821507976622,3.67781683596244,6.17861332357,"2022 AB: só UF"
13.0346683071191,4.26651523871254,3.02215343114675,5.51087704627834,"2022 AB: só UF"
13.4999917371417,3.60848085518035,2.36720936396812,4.84975234639257,"2022 AB: só UF"
13.9653151671644,2.9543937307328,1.71337397943173,4.19541348203388,"2022 AB: só UF"
14.430638597187,2.30453566693308,1.06106620865703,3.54800512520912,"2022 AB: só UF"
14.8959620272097,1.65918846534433,0.410730684092179,2.90764624659648,"2022 AB: só UF"
15.3612854572323,1.01863392752975,-0.237166835701262,2.27443469076076,"2022 AB: só UF"
15.826608887255,0.383153855052484,-0.882144421524409,1.64845213162938,"2022 AB: só UF"
16.2919323172776,-0.246969950524274,-1.5237090081973,1.02976910714875,"2022 AB: só UF"
16.7572557473002,-0.871455687637365,-2.16136124796286,0.418449872688132,"2022 AB: só UF"
17.2225791773229,-1.49002155472363,-2.79459998294047,-0.185443126506783,"2022 AB: só UF"
17.6879026073455,-2.1023857502199,-3.42292620543987,-0.781845294999917,"2022 AB: só UF"
18.1532260373682,-2.70826647256297,-4.04584644074031,-1.37068650438563,"2022 AB: só UF"
18.6185494673908,-3.30738192018971,-4.66287554283425,-1.95188829754518,"2022 AB: só UF"
19.0838728974135,-3.89945029153694,-5.2735389360267,-2.52536164704718,"2022 AB: só UF"
19.5491963274361,-4.48418978504148,-5.87737436358249,-3.09100520650047,"2022 AB: só UF"
20.0145197574588,-5.06131859914018,-6.47393322029097,-3.64870397798939,"2022 AB: só UF"
20.4798431874814,-5.63055493226985,-7.06278155140646,-4.19832831313323,"2022 AB: só UF"
20.9451666175041,-6.19161698286732,-7.64350079874278,-4.73973316699186,"2022 AB: só UF"
21.4104900475267,-6.74422294936944,-8.21568836833812,-5.27275753040077,"2022 AB: só UF"
21.8758134775493,-7.28809103021302,-8.77895808515912,-5.79722397526693,"2022 AB: só UF"
22.341136907572,-7.82296663730048,-9.33297046903465,-6.31296280556631,"2022 AB: só UF"
22.8064603375946,-8.34889926114035,-9.87773676103617,-6.82006176124452,"2022 AB: só UF"
23.2717837676173,-8.86612889506364,-10.4134925738252,-7.31876521630203,"2022 AB: só UF"
23.7371071976399,-9.37489846187222,-10.9404894240012,-7.80930749974323,"2022 AB: só UF"
24.2024306276626,-9.87545088436809,-11.4589892219866,-8.29191254674955,"2022 AB: só UF"
24.6677540576852,-10.3680290853531,-11.9692622264181,-8.76679594428812,"2022 AB: só UF"
25.1330774877079,-10.8528759876292,-12.4715852153164,-9.23416675994203,"2022 AB: só UF"
25.5984009177305,-11.3302345139983,-12.9662398469752,-9.69422918102145,"2022 AB: só UF"
26.0637243477531,-11.8003475872623,-13.4535111874666,-10.147183987058,"2022 AB: só UF"
26.5290477777758,-12.2634581302232,-13.9336863855556,-10.5932298748907,"2022 AB: só UF"
26.9943712077984,-12.7198090656828,-14.4070534794333,-11.0325646519322,"2022 AB: só UF"
27.4596946378211,-13.169643316443,-14.8739003229109,-11.4653863099752,"2022 AB: só UF"
27.9250180678437,-13.6132038053059,-15.3345136214917,-11.8918939891201,"2022 AB: só UF"
28.3903414978664,-14.0507334550732,-15.789178071044,-12.3122888391024,"2022 AB: só UF"
28.855664927889,-14.482475188547,-16.2381755936239,-12.7267747834701,"2022 AB: só UF"
29.3209883579117,-14.9086719285291,-16.6817846663726,-13.1355591906856,"2022 AB: só UF"
29.7863117879343,-15.3295665978215,-17.1202797403633,-13.5388534552797,"2022 AB: só UF"
30.2516352179569,-15.745402119226,-17.5539307468364,-13.9368734916156,"2022 AB: só UF"
30.7169586479796,-16.1564214155446,-17.9830026885002,-14.3298401425891,"2022 AB: só UF"
31.1822820780022,-16.5628674095792,-18.407755313526,-14.7179795056325,"2022 AB: só UF"
31.6476055080249,-16.9649830241318,-18.8284428696089,-15.1015231786547,"2022 AB: só UF"
32.1129289380475,-17.3630111820042,-19.2453139350446,-15.4807084289637,"2022 AB: só UF"
32.5782523680702,-17.7571948059983,-19.6586113232604,-15.8557782887361,"2022 AB: só UF"
33.0435757980928,-18.1477768189161,-20.0685720566872,-16.226981581145,"2022 AB: só UF"
33.5088992281155,-18.5350001435595,-20.4754274053211,-16.5945728817979,"2022 AB: só UF"
33.9742226581381,-18.9191077027304,-20.8794029848483,-16.9588124206125,"2022 AB: só UF"
34.4395460881607,-19.3003424192307,-21.2807189088203,-17.3199659296411,"2022 AB: só UF"
34.9048695181834,-19.6789472158624,-21.679589989106,-17.6783044426188,"2022 AB: só UF"
35.370192948206,-20.0551650154273,-22.0762259787199,-18.0341040521347,"2022 AB: só UF"
35.8355163782287,-20.4292387407274,-22.4708318511395,-18.3876456303153,"2022 AB: só UF"
36.3008398082513,-20.8014113145646,-22.8636081103811,-18.7392145187481,"2022 AB: só UF"
36.766163238274,-21.1719256597408,-23.2547511263843,-19.0891001930974,"2022 AB: só UF"
37.2314866682966,-21.5410246990579,-23.6444534906565,-19.4375959074594,"2022 AB: só UF"
37.6968100983193,-21.9089513553179,-24.0329043876215,-19.7849983230142,"2022 AB: só UF"
38.1621335283419,-22.2759485513226,-24.4202899776862,-20.1316071249591,"2022 AB: só UF"
38.6274569583646,-22.6422592098741,-24.8067937886637,-20.4777246310844,"2022 AB: só UF"
39.0927803883872,-23.0081262537741,-25.1925971128552,-20.8236553946929,"2022 AB: só UF"
39.5581038184098,-23.3737926058246,-25.5778794077661,-21.1697058038831,"2022 AB: só UF"
40.0234272484325,-23.7395011888275,-25.9628186991202,-21.5161836785349,"2022 AB: só UF"
40.4887506784551,-24.1054949255848,-26.3475919855083,-21.8633978656612,"2022 AB: só UF"
40.9540741084778,-24.4720167388984,-26.7323756446705,-22.2116578331262,"2022 AB: só UF"
41.4193975385004,-24.8393095515701,-27.1173458420503,-22.5612732610899,"2022 AB: só UF"
41.8847209685231,-25.2076162864019,-27.5026789428842,-22.9125536299197,"2022 AB: só UF"
42.3500443985457,-25.5771798661958,-27.8885519296873,-23.2658078027042,"2022 AB: só UF"
42.8153678285684,-25.9482432137535,-28.2751428275859,-23.6213435999212,"2022 AB: só UF"
43.280691258591,-26.3210492518772,-28.6626311405228,-23.9794673632316,"2022 AB: só UF"
43.7460146886136,-26.6958409033686,-29.0511983019374,-24.3404835047997,"2022 AB: só UF"
44.2113381186363,-27.0728610910297,-29.4410281441001,-24.7046940379592,"2022 AB: só UF"
44.6766615486589,-27.4523527376623,-29.8323073908751,-25.0723980844495,"2022 AB: só UF"
45.1419849786816,-27.8345587660685,-30.2252261793022,-25.4438913528348,"2022 AB: só UF"
45.6073084087042,-28.2197220990501,-30.619978616028,-25.8194655820723,"2022 AB: só UF"
46.0726318387269,-28.6080856594091,-31.0167633752982,-26.19940794352,"2022 AB: só UF"
46.5379552687495,-28.9998923180893,-31.415784305189,-26.5840003309895,"2022 AB: só UF"
47.0032786987722,-29.3953154315677,-31.8171965303974,-26.973434332738,"2022 AB: só UF"
47.4686021287948,-29.7943215805784,-32.2209989843198,-27.3676441768371,"2022 AB: só UF"
47.9339255588174,-30.1968390731763,-32.6271665695185,-27.7665115768341,"2022 AB: só UF"
48.3992489888401,-30.602796217416,-33.0356798458432,-28.1699125889888,"2022 AB: só UF"
48.8645724188627,-31.0121213213525,-33.4465246867564,-28.5777179559485,"2022 AB: só UF"
49.3298958488854,-31.4247426930403,-33.8596919728462,-28.9897934132344,"2022 AB: só UF"
49.795219278908,-31.8405886405343,-34.2751773151747,-29.405999965894,"2022 AB: só UF"
50.2605427089307,-32.2595874718894,-34.6929808015531,-29.8261941422257,"2022 AB: só UF"
50.7258661389533,-32.6816674951602,-35.1131067591932,-30.2502282311273,"2022 AB: só UF"
51.191189568976,-33.1067570184016,-35.5355635274608,-30.6779505093425,"2022 AB: só UF"
51.6565129989986,-33.5347843496684,-35.960363234682,-31.1092054646547,"2022 AB: só UF"
52.1218364290213,-33.9656777970152,-36.3875215731286,-31.5438340209017,"2022 AB: só UF"
52.5871598590439,-34.3993656684969,-36.8170575664746,-31.9816737705191,"2022 AB: só UF"
53.0524832890665,-34.8357762721683,-37.2489933241818,-32.4225592201547,"2022 AB: só UF"
53.5178067190892,-35.2748379160841,-37.6833537774686,-32.8663220546997,"2022 AB: só UF"
53.9831301491118,-35.7164789082992,-38.120166391771,-33.3127914248273,"2022 AB: só UF"
54.4484535791345,-36.1606275568682,-38.5594608509454,-33.761794262791,"2022 AB: só UF"
54.9137770091571,-36.6072121698461,-39.0012687089133,-34.2131556307789,"2022 AB: só UF"
55.3791004391798,-37.0561610552875,-39.4456230050475,-34.6666991055275,"2022 AB: só UF"
55.8444238692024,-37.5074025212472,-39.8925578403572,-35.1222472021373,"2022 AB: só UF"
56.3097472992251,-37.9608648757801,-40.3421079124764,-35.5796218390838,"2022 AB: só UF"
56.7750707292477,-38.4164764269408,-40.7943080086036,-36.0386448452781,"2022 AB: só UF"
57.2403941592704,-38.8741654827842,-41.2491924568785,-36.4991385086899,"2022 AB: só UF"
57.705717589293,-39.3338603513651,-41.7067945382045,-36.9609261645258,"2022 AB: só UF"
58.1710410193156,-39.7954893407382,-42.1671458621999,-37.4238328192765,"2022 AB: só UF"
58.6363644493383,-40.2589807589584,-42.6302757127452,-37.8876858051716,"2022 AB: só UF"
59.1016878793609,-40.7242629140802,-43.0962103704085,-38.352315457752,"2022 AB: só UF"
59.5670113093836,-41.1912641141587,-43.5649724208138,-38.8175558075036,"2022 AB: só UF"
60.0323347394062,-41.6599126672485,-44.0365800596448,-39.2832452748523,"2022 AB: só UF"
60.4976581694289,-42.1301368814045,-44.511046406369,-39.7492273564399,"2022 AB: só UF"
60.9629815994515,-42.6018650646813,-44.9883788397985,-40.2153512895641,"2022 AB: só UF"
61.4283050294742,-43.0750255251338,-45.4685783691835,-40.681472681084,"2022 AB: só UF"
61.8936284594968,-43.5495465708167,-45.951639054589,-41.1474540870445,"2022 AB: só UF"
62.3589518895194,-44.025356509785,-46.4375474897667,-41.6131655298033,"2022 AB: só UF"
62.8242753195421,-44.5023836500932,-46.9262823596062,-42.0784849405801,"2022 AB: só UF"
63.2895987495647,-44.9805562997962,-47.4178140825384,-42.543298517054,"2022 AB: só UF"
63.7549221795874,-45.4598027669487,-47.9121045460501,-43.0075009878474,"2022 AB: só UF"
64.22024560961,-45.9400513596057,-48.4091069408552,-43.4709957783562,"2022 AB: só UF"
64.6855690396327,-46.4212303858218,-48.9087656963815,-43.933695075262,"2022 AB: só UF"
65.1508924696553,-46.9032681536517,-49.4110165172474,-44.395519790056,"2022 AB: só UF"
65.616215899678,-47.3860929711503,-49.9157865174722,-44.8563994248284,"2022 AB: só UF"
66.0815393297006,-47.8696331463725,-50.4229944464442,-45.3162718463007,"2022 AB: só UF"
66.5468627597233,-48.3538169873728,-50.9325509983086,-45.775082976437,"2022 AB: só UF"
67.0121861897459,-48.8385728022062,-51.444359194528,-46.2327864098844,"2022 AB: só UF"
67.4775096197685,-49.3238288989274,-51.9583148279852,-46.6893429698695,"2022 AB: só UF"
67.9428330497912,-49.809513585591,-52.4743069561739,-47.1447202150082,"2022 AB: só UF"
68.4081564798138,-50.2955551702522,-52.9922184307378,-47.5988919097665,"2022 AB: só UF"
68.8734799098365,-50.7818819609654,-53.5119264508402,-48.0518374710905,"2022 AB: só UF"
69.3388033398591,-51.2684222657856,-54.0333031285013,-48.5035414030698,"2022 AB: só UF"
69.8041267698818,-51.7551043927674,-54.5562160550386,-48.9539927304962,"2022 AB: só UF"
70.2694501999044,-52.2418566500891,-55.0805288591595,-49.4031844410187,"2022 AB: só UF"
70.7347736299271,-52.7286200920909,-55.6061179830932,-49.8511222010886,"2022 AB: só UF"
71.2000970599497,-53.2153835340926,-56.1329190920341,-50.2978479761511,"2022 AB: só UF"
71.6654204899723,-53.7021469760943,-56.6608829845851,-50.7434109676036,"2022 AB: só UF"
72.130743919995,-54.188910418096,-57.1899617707026,-51.1878590654893,"2022 AB: só UF"
72.5960673500176,-54.6756738600977,-57.7201089622113,-51.6312387579841,"2022 AB: só UF"
73.0613907800403,-55.1624373020994,-58.2512795411812,-52.0735950630175,"2022 AB: só UF"
73.5267142100629,-55.6492007441011,-58.7834300085054,-52.5149714796969,"2022 AB: só UF"
73.9920376400856,-56.1359641861029,-59.3165184149624,-52.9554099572434,"2022 AB: só UF"
74.4573610701082,-56.6227276281046,-59.8505043769736,-53.3949508792356,"2022 AB: só UF"
74.9226845001309,-57.1094910701063,-60.3853490791352,-53.8336330610773,"2022 AB: só UF"
75.3880079301535,-57.596254512108,-60.921015265464,-54.2714937587521,"2022 AB: só UF"
75.8533313601762,-58.0830179541098,-61.4574672211382,-54.7085686870814,"2022 AB: só UF"
76.3186547901988,-58.5697813961114,-61.9946707463528,-55.14489204587,"2022 AB: só UF"
76.7839782202214,-59.0565448381131,-62.5325931237389,-55.5804965524873,"2022 AB: só UF"
77.2493016502441,-59.5433082801148,-63.0712030806387,-56.0154134795909,"2022 AB: só UF"
77.7146250802667,-60.0300717221165,-63.6104707473762,-56.4496726968568,"2022 AB: só UF"
78.1799485102894,-60.5168351641183,-64.1503676125154,-56.8833027157212,"2022 AB: só UF"
78.645271940312,-61.00359860612,-64.6908664759641,-57.3163307362759,"2022 AB: só UF"
79.1105953703347,-61.4903620481217,-65.2319414006639,-57.7487826955795,"2022 AB: só UF"
79.5759188003573,-61.9771254901234,-65.7735676634895,-58.1806833167573,"2022 AB: só UF"
80.04124223038,-62.4638889321251,-66.3157217058851,-58.6120561583652,"2022 AB: só UF"
80.5065656604026,-62.9506523741267,-66.8583810846779,-59.0429236635756,"2022 AB: só UF"
80.9718890904253,-63.4374158161285,-67.4015244234294,-59.4733072088276,"2022 AB: só UF"
81.4372125204479,-63.9241792581302,-67.945131364615,-59.9032271516455,"2022 AB: só UF"
81.9025359504705,-64.410942700132,-68.4891825228702,-60.3327028773938,"2022 AB: só UF"
82.3678593804932,-64.8977061421336,-69.033659439482,-60.7617528447852,"2022 AB: só UF"
82.8331828105158,-65.3844695841354,-69.5785445382681,-61.1903946300027,"2022 AB: só UF"
83.2985062405385,-65.8712330261371,-70.1238210829415,-61.6186449693327,"2022 AB: só UF"
83.7638296705611,-66.3579964681388,-70.6694731360361,-62.0465198002414,"2022 AB: só UF"
84.2291531005838,-66.8447599101405,-71.2154855194333,-62.4740343008477,"2022 AB: só UF"
84.6944765306064,-67.3315233521422,-71.7618437765121,-62.9012029277723,"2022 AB: só UF"
85.1597999606291,-67.8182867941439,-72.3085341359287,-63.3280394523591,"2022 AB: só UF"
85.6251233906517,-68.3050502361455,-72.8555434770128,-63.7545569952782,"2022 AB: só UF"
86.0904468206743,-68.7918136781473,-73.4028592967581,-64.1807680595366,"2022 AB: só UF"
86.555770250697,-69.278577120149,-73.9504696783736,-64.6066845619245,"2022 AB: só UF"
87.0210936807196,-69.7653405621508,-74.4983632613607,-65.0323178629409,"2022 AB: só UF"
87.4864171107423,-70.2521040041525,-75.0465292130628,-65.4576787952423,"2022 AB: só UF"
87.9517405407649,-70.7388674461542,-75.5949572016456,-65.8827776906628,"2022 AB: só UF"
88.4170639707876,-71.2256308881559,-76.1436373704512,-66.3076244058605,"2022 AB: só UF"
88.8823874008102,-71.7123943301577,-76.6925603136733,-66.7322283466421,"2022 AB: só UF"
89.3477108308329,-72.1991577721593,-77.2417170532971,-67.1565984910216,"2022 AB: só UF"
89.8130342608555,-72.6859212141609,-77.7910990172514,-67.5807434110705,"2022 AB: só UF"
90.2783576908782,-73.1726846561626,-78.3406980187133,-68.0046712936119,"2022 AB: só UF"
90.7436811209008,-73.6594480981645,-78.8905062365143,-68.4283899598147,"2022 AB: só UF"
91.2090045509234,-74.1462115401662,-79.4405161965912,-68.8519068837413,"2022 AB: só UF"
91.6743279809461,-74.632974982168,-79.9907207544352,-69.2752292099007,"2022 AB: só UF"
92.1396514109687,-75.1197384241696,-80.5411130784808,-69.6983637698584,"2022 AB: só UF"
92.6049748409914,-75.6065018661714,-81.0916866343924,-70.1213170979504,"2022 AB: só UF"
93.070298271014,-76.093265308173,-81.6424351701971,-70.5440954461489,"2022 AB: só UF"
93.5356217010367,-76.5800287501748,-82.1933527022219,-70.9667047981277,"2022 AB: só UF"
94.0009451310593,-77.0667921921765,-82.7444335017884,-71.3891508825646,"2022 AB: só UF"
1.40158255655296,24.566940714474,21.5335831687602,27.6002982601879,"2022 AB: + Censo"
1.86690598657561,23.6773276671561,20.700045631594,26.6546097027182,"2022 AB: + Censo"
2.33222941659825,22.7877146198382,19.8653615001025,25.7100677395739,"2022 AB: + Censo"
2.7975528466209,21.8981015725202,19.0294649082522,24.7667382367883,"2022 AB: + Censo"
3.26287627664354,21.0084885252023,18.1922864755009,23.8246905749038,"2022 AB: + Censo"
3.72819970666619,20.1188754778844,17.3537532787929,22.8839976769759,"2022 AB: + Censo"
4.19352313668883,19.2292624305665,16.5137888650387,21.9447359960942,"2022 AB: + Censo"
4.65884656671148,18.3396493832485,15.6723133128858,21.0069854536112,"2022 AB: + Censo"
5.12416999673412,17.4500363359306,14.8292433533694,20.0708293184918,"2022 AB: + Censo"
5.58949342675677,16.5604232886127,13.9844925596078,19.1363540176175,"2022 AB: + Censo"
6.05481685677941,15.6708102412947,13.1379716159916,18.2036488665978,"2022 AB: + Censo"
6.52014028680206,14.7811971939768,12.289588677169,17.2728057107846,"2022 AB: + Censo"
6.9854637168247,13.8915841467034,11.4392498264609,16.3439184669459,"2022 AB: + Censo"
7.45078714684735,13.0020915448238,10.5869792518142,15.4172038378333,"2022 AB: + Censo"
7.91611057686999,12.1133112793665,9.73327223817665,14.4933503205563,"2022 AB: + Censo"
8.38143400689264,11.2259505740908,8.87874913697043,13.5731520112111,"2022 AB: + Censo"
8.84675743691528,10.340716652756,8.02404330673878,12.6573899987731,"2022 AB: + Censo"
9.31208086693793,9.45831673912127,7.16980265332428,11.7468308249183,"2022 AB: + Censo"
9.77740429696057,8.57945805694609,6.31669104646986,10.8422250674223,"2022 AB: + Censo"
10.2427277269832,7.7048478299896,5.46538955614912,9.94430610383009,"2022 AB: + Censo"
10.7080511570059,6.83519328201115,4.6165974536026,9.05378911041969,"2022 AB: + Censo"
11.1733745870285,5.97120163676996,3.77103292753066,8.17137034600926,"2022 AB: + Censo"
11.6386980170512,5.11358011802534,2.92943347516775,7.29772676088293,"2022 AB: + Censo"
12.1040214470738,4.26303594953657,2.09255594057738,6.43351595849577,"2022 AB: + Censo"
12.5693448770964,3.42027635506295,1.26117618761991,5.579376522506,"2022 AB: + Censo"
13.0346683071191,2.58600855836372,0.43608841143047,4.73592870529696,"2022 AB: + Censo"
13.4999917371417,1.76093978319821,-0.381895891456054,3.90377545785248,"2022 AB: + Censo"
13.9653151671644,0.945777253325673,-1.19194925942649,3.08350376607784,"2022 AB: + Censo"
14.430638597187,0.141228192505395,-1.99322986160253,2.27568624661332,"2022 AB: + Censo"
14.8959620272097,-0.65200017550336,-2.78488329779552,1.4808829467888,"2022 AB: + Censo"
15.3612854572323,-1.43320062694127,-3.56604454295581,0.699643289073266,"2022 AB: + Censo"
15.826608887255,-2.2016659380491,-4.33583997629989,-0.0674918997983176,"2022 AB: + Censo"
16.2919323172776,-2.95668888506756,-5.09338943884991,-0.819988331285218,"2022 AB: + Censo"
16.7572557473002,-3.69756224423733,-5.83780826971272,-1.55731621876195,"2022 AB: + Censo"
17.2225791773229,-4.42357879179914,-6.5682092801536,-2.27894830344469,"2022 AB: + Censo"
17.6879026073455,-5.13403130399379,-7.28370463447867,-2.98435797350892,"2022 AB: + Censo"
18.1532260373682,-5.82821255706187,-7.98340761706787,-3.67301749705588,"2022 AB: + Censo"
18.6185494673908,-6.50541532724421,-8.66643427487078,-4.34439637961763,"2022 AB: + Censo"
19.0838728974135,-7.16493239078144,-9.33190493378704,-4.99795984777585,"2022 AB: + Censo"
19.5491963274361,-7.80605652391435,-9.97894559526309,-5.63316745256561,"2022 AB: + Censo"
20.0145197574588,-8.4280805028836,-10.6066892260051,-6.24947177976214,"2022 AB: + Censo"
20.4798431874814,-9.03029710392997,-11.2142769589502,-6.84631724890969,"2022 AB: + Censo"
20.9451666175041,-9.61199910329415,-11.8008592276487,-7.42313897893959,"2022 AB: + Censo"
21.4104900475267,-10.1724792772168,-12.365596859177,-7.9793616952567,"2022 AB: + Censo"
21.8758134775493,-10.7110304019388,-12.9076621528406,-8.51439865103691,"2022 AB: + Censo"
22.341136907572,-11.2270104614821,-13.4263115975241,-9.02770932544014,"2022 AB: + Censo"
22.8064603375946,-11.7205060604573,-13.92161547896,-9.51939664195467,"2022 AB: + Censo"
23.2717837676173,-12.1920602784644,-14.3941585820165,-9.98996197491239,"2022 AB: + Censo"
23.7371071976399,-12.6422232145806,-14.8445451474127,-10.4399012817484,"2022 AB: + Censo"
24.2024306276626,-13.0715449678829,-15.2733898074228,-10.8697001283431,"2022 AB: + Censo"
24.6677540576852,-13.4805756374487,-15.6813163277705,-11.2798349471268,"2022 AB: + Censo"
25.1330774877079,-13.869865322355,-16.0689564267407,-11.6707742179692,"2022 AB: + Censo"
25.5984009177305,-14.239964121679,-16.4369486541988,-12.0429795891591,"2022 AB: + Censo"
26.0637243477531,-14.5914221344978,-16.7859373148921,-12.3969069541035,"2022 AB: + Censo"
26.5290477777758,-14.9247894598887,-17.1165714222695,-12.7330074975079,"2022 AB: + Censo"
26.9943712077984,-15.2406161969288,-17.4295036710788,-13.0517287227787,"2022 AB: + Censo"
27.4596946378211,-15.5394524446952,-17.7253894192036,-13.3535154701868,"2022 AB: + Censo"
27.9250180678437,-15.8218483022651,-18.0048856715486,-13.6388109329817,"2022 AB: + Censo"
28.3903414978664,-16.0883538687157,-18.2686500613194,-13.908057676112,"2022 AB: + Censo"
28.855664927889,-16.3395192431242,-18.5173398267087,-14.1616986595396,"2022 AB: + Censo"
29.3209883579117,-16.5758945245676,-18.7516107837796,-14.4001782653557,"2022 AB: + Censo"
29.7863117879343,-16.7980298121232,-18.9721162991768,-14.6239433250697,"2022 AB: + Censo"
30.2516352179569,-17.0064752048682,-19.179506269095,-14.8334441406414,"2022 AB: + Censo"
30.7169586479796,-17.2017808018796,-19.3744261135994,-15.0291354901597,"2022 AB: + Censo"
31.1822820780022,-17.3844967022346,-19.5575157978068,-15.2114776066624,"2022 AB: + Censo"
31.6476055080249,-17.5551730050105,-19.7294088934324,-15.3809371165885,"2022 AB: + Censo"
32.1129289380475,-17.7143598092843,-19.8907316956964,-15.5379879228722,"2022 AB: + Censo"
32.5782523680702,-17.8626072141332,-20.0421024113923,-15.6831120168742,"2022 AB: + Censo"
33.0435757980928,-18.0004653186345,-20.1841304339897,-15.8168002032793,"2022 AB: + Censo"
33.5088992281155,-18.1284842218652,-20.3174157208932,-15.9395527228372,"2022 AB: + Censo"
33.9742226581381,-18.2472140229025,-20.4425482864113,-16.0518797593937,"2022 AB: + Censo"
34.4395460881607,-18.3572048208236,-20.5601078216602,-16.1543018199871,"2022 AB: + Censo"
34.9048695181834,-18.4590067147057,-20.6706634496347,-16.2473499797766,"2022 AB: + Censo"
35.370192948206,-18.5531698036258,-20.7747736201971,-16.3315659870545,"2022 AB: + Censo"
35.8355163782287,-18.6402441866612,-20.8729861459627,-16.4075022273596,"2022 AB: + Censo"
36.3008398082513,-18.720779962889,-20.9658383762193,-16.4757215495587,"2022 AB: + Censo"
36.766163238274,-18.7953272313864,-21.0538575023517,-16.5367969604212,"2022 AB: + Censo"
37.2314866682966,-18.8644360912306,-21.1375609849386,-16.5913111975226,"2022 AB: + Censo"
37.6968100983193,-18.9286566414986,-21.217457089955,-16.6398561930423,"2022 AB: + Censo"
38.1621335283419,-18.9885389812678,-21.2940455194462,-16.6830324430894,"2022 AB: + Censo"
38.6274569583646,-19.0446332096152,-21.367818120734,-16.7214482984964,"2022 AB: + Censo"
39.0927803883872,-19.0974894256179,-21.439259657669,-16.7557191935669,"2022 AB: + Censo"
39.5581038184098,-19.1476577283533,-21.5088486276295,-16.786466829077,"2022 AB: + Censo"
40.0234272484325,-19.1956882168983,-21.5770581087895,-16.8143183250072,"2022 AB: + Censo"
40.4887506784551,-19.2421309903302,-21.6443566235405,-16.8399053571199,"2022 AB: + Censo"
40.9540741084778,-19.2875361477262,-21.7112090057106,-16.8638632897418,"2022 AB: + Censo"
41.4193975385004,-19.3324537881634,-21.7780772612443,-16.8868303150824,"2022 AB: + Censo"
41.8847209685231,-19.3774340107189,-21.8454214141802,-16.9094466072576,"2022 AB: + Censo"
42.3500443985457,-19.42302691447,-21.9137003319421,-16.9323534969979,"2022 AB: + Censo"
42.8153678285684,-19.4697825984937,-21.9833725260859,-16.9561926709016,"2022 AB: + Censo"
43.280691258591,-19.5182511618674,-22.0548969266218,-16.981605397113,"2022 AB: + Censo"
43.7460146886136,-19.568982703668,-22.1287336298204,-17.0092317775156,"2022 AB: + Censo"
44.2113381186363,-19.6225273229728,-22.2053446209871,-17.0397100249584,"2022 AB: + Censo"
44.6766615486589,-19.6794351188589,-22.2851944750259,-17.073675762692,"2022 AB: + Censo"
45.1419849786816,-19.7402561904036,-22.3687510387315,-17.1117613420756,"2022 AB: + Censo"
45.6073084087042,-19.8055406366839,-22.4564860996439,-17.1545951737238,"2022 AB: + Censo"
46.0726318387269,-19.875838556777,-22.5488760469941,-17.2028010665598,"2022 AB: + Censo"
46.5379552687495,-19.9516999395348,-22.646402429583,-17.2569974494866,"2022 AB: + Censo"
47.0032786987722,-20.0335270195642,-22.7494172044675,-17.317636834661,"2022 AB: + Censo"
47.4686021287948,-20.1212825259241,-22.8578765691698,-17.3846884826785,"2022 AB: + Censo"
47.9339255588174,-20.2148478384079,-22.9716704385643,-17.4580252382515,"2022 AB: + Censo"
48.3992489888401,-20.3141043368087,-23.0906964044683,-17.537512269149,"2022 AB: + Censo"
48.8645724188627,-20.4189334009197,-23.2148589733598,-17.6230078284796,"2022 AB: + Censo"
49.3298958488854,-20.5292164105342,-23.3440688625261,-17.7143639585422,"2022 AB: + Censo"
49.795219278908,-20.6448347454453,-23.4782423476191,-17.8114271432714,"2022 AB: + Censo"
50.2605427089307,-20.7656697854463,-23.6173006550651,-17.9140389158276,"2022 AB: + Censo"
50.7258661389533,-20.8916029103305,-23.7611693933136,-18.0220364273474,"2022 AB: + Censo"
51.191189568976,-21.022515499891,-23.9097780174906,-18.1352529822914,"2022 AB: + Censo"
51.6565129989986,-21.1582889339211,-24.0630593226061,-18.2535185452361,"2022 AB: + Censo"
52.1218364290213,-21.2988045922139,-24.2209489610764,-18.3766602233513,"2022 AB: + Censo"
52.5871598590439,-21.4439438545627,-24.3833849809078,-18.5045027282177,"2022 AB: + Censo"
53.0524832890665,-21.5935881007609,-24.5503073814754,-18.6368688200463,"2022 AB: + Censo"
53.5178067190892,-21.7476187106014,-24.7216576844031,-18.7735797367997,"2022 AB: + Censo"
53.9831301491118,-21.9059170638776,-24.8973785176013,-18.9144556101538,"2022 AB: + Censo"
54.4484535791345,-22.0683645403826,-25.0774132110445,-19.0593158697207,"2022 AB: + Censo"
54.9137770091571,-22.2348425199098,-25.2617054033868,-19.2079796364328,"2022 AB: + Censo"
55.3791004391798,-22.4052323822524,-25.4501986589785,-19.3602661055263,"2022 AB: + Censo"
55.8444238692024,-22.5794155072035,-25.6428360952954,-19.5159949191115,"2022 AB: + Censo"
56.3097472992251,-22.7572732745563,-25.8395600211959,-19.6749865279167,"2022 AB: + Censo"
56.7750707292477,-22.9386870641041,-26.040311586778,-19.8370625414302,"2022 AB: + Censo"
57.2403941592704,-23.1235382556401,-26.2450304459215,-20.0020460653586,"2022 AB: + Censo"
57.705717589293,-23.3117082289576,-26.4536544328548,-20.1697620250604,"2022 AB: + Censo"
58.1710410193156,-23.5030783638498,-26.6661192542811,-20.3400374734184,"2022 AB: + Censo"
58.6363644493383,-23.6975300401098,-26.8823581987347,-20.5127018814848,"2022 AB: + Censo"
59.1016878793609,-23.8949446375308,-27.1023018649013,-20.6875874101603,"2022 AB: + Censo"
59.5670113093836,-24.0952035359062,-27.3258779106414,-20.864529161171,"2022 AB: + Censo"
60.0323347394062,-24.2981881150292,-27.5530108243838,-21.0433654056747,"2022 AB: + Censo"
60.4976581694289,-24.5037797546929,-27.7836217204347,-21.2239377889511,"2022 AB: + Censo"
60.9629815994515,-24.7118598346906,-28.0176281595582,-21.406091509823,"2022 AB: + Censo"
61.4283050294742,-24.9223097348154,-28.2549439959409,-21.5896754736899,"2022 AB: + Censo"
61.8936284594968,-25.1350108348607,-28.4954792513789,-21.7745424183425,"2022 AB: + Censo"
62.3589518895194,-25.3498445146197,-28.739140017203,-21.9605490120363,"2022 AB: + Censo"
62.8242753195421,-25.5666921538855,-28.9858283841258,-22.1475559236452,"2022 AB: + Censo"
63.2895987495647,-25.7854351324514,-29.2354423998373,-22.3354278650655,"2022 AB: + Censo"
63.7549221795874,-26.0059548301105,-29.4878760538359,-22.524033606385,"2022 AB: + Censo"
64.22024560961,-26.2281326266562,-29.7430192886356,-22.7132459646769,"2022 AB: + Censo"
64.6855690396327,-26.4518499018817,-30.0007580361772,-22.9029417675862,"2022 AB: + Censo"
65.1508924696553,-26.6769880355801,-30.2609742779898,-23.0930017931705,"2022 AB: + Censo"
65.616215899678,-26.9034284075446,-30.5235461273937,-23.2833106876955,"2022 AB: + Censo"
66.0815393297006,-27.1310523975687,-30.7883479318382,-23.4737568632991,"2022 AB: + Censo"
66.5468627597233,-27.3597413854453,-31.0552503933068,-23.6642323775838,"2022 AB: + Censo"
67.0121861897459,-27.5893767509678,-31.3241207046146,-23.854632797321,"2022 AB: + Censo"
67.4775096197685,-27.8198398739294,-31.5948226993663,-24.0448570484925,"2022 AB: + Censo"
67.9428330497912,-28.0510121341231,-31.8672170133209,-24.2348072549252,"2022 AB: + Censo"
68.4081564798138,-28.2827749113424,-32.1411612549507,-24.4243885677342,"2022 AB: + Censo"
68.8734799098365,-28.5150095853805,-32.4165101830369,-24.6135089877242,"2022 AB: + Censo"
69.3388033398591,-28.7475975360307,-32.6931158892604,-24.802079182801,"2022 AB: + Censo"
69.8041267698818,-28.9804201430859,-32.9708279838645,-24.9900123023072,"2022 AB: + Censo"
70.2694501999044,-29.2133587865437,-33.2494937828463,-25.1772237902411,"2022 AB: + Censo"
70.7347736299271,-29.4463159359725,-33.5289814162295,-25.3636504557156,"2022 AB: + Censo"
71.2000970599497,-29.6792730854013,-33.8092438762767,-25.5493022945259,"2022 AB: + Censo"
71.6654204899723,-29.9122302348299,-34.0902548443536,-25.7342056253063,"2022 AB: + Censo"
72.130743919995,-30.1451873842586,-34.3719887915389,-25.9183859769783,"2022 AB: + Censo"
72.5960673500176,-30.3781445336873,-34.6544209781992,-26.1018680891755,"2022 AB: + Censo"
73.0613907800403,-30.611101683116,-34.9375274501536,-26.2846759160784,"2022 AB: + Censo"
73.5267142100629,-30.8440588325448,-35.2212850318618,-26.4668326332278,"2022 AB: + Censo"
73.9920376400856,-31.0770159819736,-35.5056713170371,-26.6483606469102,"2022 AB: + Censo"
74.4573610701082,-31.3099731314023,-35.7906646570582,-26.8292816057463,"2022 AB: + Censo"
74.9226845001309,-31.542930280831,-36.0762441475166,-27.0096164141454,"2022 AB: + Censo"
75.3880079301535,-31.7758874302598,-36.3623896132071,-27.1893852473124,"2022 AB: + Censo"
75.8533313601762,-32.0088445796887,-36.6490815918442,-27.3686075675332,"2022 AB: + Censo"
76.3186547901988,-32.2418017291171,-36.9363013167489,-27.5473021414854,"2022 AB: + Censo"
76.7839782202214,-32.4747588785458,-37.2240306987379,-27.7254870583537,"2022 AB: + Censo"
77.2493016502441,-32.7077160279746,-37.5122523074054,-27.9031797485438,"2022 AB: + Censo"
77.7146250802667,-32.9406731774032,-37.8009493519803,-28.0803970028261,"2022 AB: + Censo"
78.1799485102894,-33.1736303268321,-38.0901056619128,-28.2571549917515,"2022 AB: + Censo"
78.645271940312,-33.4065874762609,-38.3797056673207,-28.433469285201,"2022 AB: + Censo"
79.1105953703347,-33.6395446256896,-38.6697343794209,-28.6093548719582,"2022 AB: + Censo"
79.5759188003573,-33.8725017751183,-38.96017737104,-28.7848261791966,"2022 AB: + Censo"
80.04124223038,-34.1054589245471,-39.2510207572948,-28.9598970917994,"2022 AB: + Censo"
80.5065656604026,-34.3384160739755,-39.542251176515,-29.1345809714361,"2022 AB: + Censo"
80.9718890904253,-34.5713732234043,-39.8338557714716,-29.308890675337,"2022 AB: + Censo"
81.4372125204479,-34.804330372833,-40.1258221709574,-29.4828385747087,"2022 AB: + Censo"
81.9025359504705,-35.037287522262,-40.4181384717676,-29.6564365727564,"2022 AB: + Censo"
82.3678593804932,-35.2702446716905,-40.7107932211094,-29.8296961222715,"2022 AB: + Censo"
82.8331828105158,-35.5032018211193,-41.0037753994724,-30.0026282427663,"2022 AB: + Censo"
83.2985062405385,-35.7361589705482,-41.2970744039695,-30.1752435371268,"2022 AB: + Censo"
83.7638296705611,-35.9691161199768,-41.590680032177,-30.3475522077765,"2022 AB: + Censo"
84.2291531005838,-36.2020732694055,-41.8845824664716,-30.5195640723395,"2022 AB: + Censo"
84.6944765306064,-36.4350304188343,-42.1787722588744,-30.6912885787941,"2022 AB: + Censo"
85.1597999606291,-36.6679875682629,-42.4732403164052,-30.8627348201205,"2022 AB: + Censo"
85.6251233906517,-36.9009447176913,-42.7679778869432,-31.0339115484395,"2022 AB: + Censo"
86.0904468206743,-37.1339018671204,-43.0629765455915,-31.2048271886493,"2022 AB: + Censo"
86.555770250697,-37.3668590165491,-43.3582281815374,-31.3754898515607,"2022 AB: + Censo"
87.0210936807196,-37.5998161659779,-43.6537249854067,-31.5459073465491,"2022 AB: + Censo"
87.4864171107423,-37.8327733154067,-43.9494594370939,-31.7160871937194,"2022 AB: + Censo"
87.9517405407649,-38.0657304648353,-44.2454242940656,-31.886036635605,"2022 AB: + Censo"
88.4170639707876,-38.2986876142639,-44.5416125801202,-32.0557626484077,"2022 AB: + Censo"
88.8823874008102,-38.5316447636929,-44.8380175745956,-32.2252719527902,"2022 AB: + Censo"
89.3477108308329,-38.7646019131215,-45.1346328020086,-32.3945710242345,"2022 AB: + Censo"
89.8130342608555,-38.99755906255,-45.4314520221164,-32.5636661029836,"2022 AB: + Censo"
90.2783576908782,-39.2305162119785,-45.7284692203834,-32.7325632035735,"2022 AB: + Censo"
90.7436811209008,-39.4634733614078,-46.0256785988428,-32.9012681239727,"2022 AB: + Censo"
91.2090045509234,-39.6964305108364,-46.323074567333,-33.0697864543399,"2022 AB: + Censo"
91.6743279809461,-39.9293876602651,-46.6206517351078,-33.2381235854224,"2022 AB: + Censo"
92.1396514109687,-40.1623448096938,-46.9184049027924,-33.4062847165952,"2022 AB: + Censo"
92.6049748409914,-40.3953019591228,-47.2163290546809,-33.5742748635647,"2022 AB: + Censo"
93.070298271014,-40.6282591085512,-47.5144193513583,-33.7420988657442,"2022 AB: + Censo"
93.5356217010367,-40.8612162579801,-47.8126711226394,-33.9097613933208,"2022 AB: + Censo"
94.0009451310593,-41.0941734074088,-48.1110798608021,-34.0772669540155,"2022 AB: + Censo"
